<?xml version="1.0" encoding="utf-8"?><feed xmlns="http://www.w3.org/2005/Atom" ><generator uri="https://jekyllrb.com/" version="3.10.0">Jekyll</generator><link href="/feed.xml" rel="self" type="application/atom+xml" /><link href="/" rel="alternate" type="text/html" /><updated>2024-11-03T22:32:56+08:00</updated><id>/feed.xml</id><title type="html">YIMING QIN</title><subtitle>Undergraduate student in Food and Nutrition Science, Macao University of Science and Technology</subtitle><author><name>YIMING QIN</name><email>1220010405@student.must.edu.mo</email></author></feed>